Airport_Code,FBO_Name,Total_Space,iata_code,priority,coordinates,Parking_Space_Taken,Area_ft2
KPQO,Extra Parking,5,PQO,2,"POLYGON ((42.8407690931936 -84.4790029396238,42.839463177566 -84.4788795580091,42.839463177566 -84.4779193271818,42.8408831628262 -84.4781714548292,42.8407690931936 -84.4790029396238))",0,120469.75